time,roll,pitch,yaw
1774267566.692788,0.0,0.0,0.0
1774267566.6986067,0.0,0.0,0.0
1774267566.7125723,0.0,0.0,0.0
1774267566.726181,0.0,0.0,0.0
1774267566.918058,0.0,0.0,0.0
1774267566.9330564,0.0,0.0,0.0
1774267566.9491436,0.0,0.0,0.0
1774267566.9657867,0.0,0.0,0.0
1774267566.982426,0.0,0.0,0.0
1774267566.9981282,0.0,0.0,0.0
1774267567.0141208,0.0,0.0,0.0
1774267567.029723,0.0,0.0,0.0
1774267567.0461726,0.0,0.0,0.0
1774267567.0615947,0.0,0.0,0.0
1774267567.0779936,0.0,0.0,0.0
1774267567.2592037,0.0,0.0,0.0
1774267567.2752273,0.0,0.0,0.0
1774267567.291328,0.0,0.0,0.0
1774267567.3070366,0.0,0.0,0.0
1774267567.3236203,0.0,0.0,0.0
1774267567.3407373,0.0,0.0,0.0
1774267567.356312,0.0,0.0,0.0
1774267567.3718944,0.0,0.0,0.0
1774267567.3886995,0.0,0.0,0.0
1774267567.4055364,0.0,0.0,0.0
1774267567.4215767,0.0,0.0,0.0
1774267567.4371598,0.0,0.0,0.0
1774267567.452945,0.0,0.0,0.0
1774267567.4701638,0.0,0.0,0.0
1774267567.4857154,0.0,0.0,0.0
1774267567.5022588,0.0,0.0,0.0
1774267567.5178454,0.0,0.0,0.0
1774267567.5345104,0.0,0.0,0.0
1774267567.549997,0.0,0.0,0.0
1774267567.5667613,0.0,0.0,0.0
1774267567.583353,0.0,0.0,0.0
1774267567.5992744,0.0,0.0,0.0
1774267567.6149507,0.0,0.0,0.0
1774267567.6318333,0.0,0.0,0.0
1774267567.6485689,0.0,0.0,0.0
1774267567.6642668,0.0,0.0,0.0
1774267567.6804225,0.0,0.0,0.0
1774267567.696334,0.0,0.0,0.0
1774267567.711855,0.0,0.0,0.0
1774267567.728817,0.0,0.0,0.0
1774267567.7458217,0.0,0.0,0.0
1774267567.7626903,0.0,0.0,0.0
1774267567.7794106,0.0,0.0,0.0
1774267567.7952144,0.0,0.0,0.0
1774267567.810951,0.0,0.0,0.0
1774267567.8278358,0.0,0.0,0.0
1774267567.8449507,0.0,0.0,0.0
1774267567.8625655,0.0,0.0,0.0
1774267567.8784032,0.0,0.0,0.0
1774267567.8942604,0.0,0.0,0.0
1774267567.9106026,0.0,0.0,0.0
1774267567.927427,0.0,0.0,0.0
1774267567.9439328,0.0,0.0,0.0
1774267567.9601371,0.0,0.0,0.0
1774267567.9766872,0.0,0.0,0.0
1774267567.993623,0.0,0.0,0.0
1774267568.0098007,0.0,0.0,0.0
1774267568.025938,0.0,0.0,0.0
1774267568.0426736,0.0,0.0,0.0
1774267568.060501,0.0,0.0,0.0
1774267568.0748773,0.0,0.0,0.0
1774267568.090584,0.0,0.0,0.0
1774267568.1062965,0.0,0.0,0.0
1774267568.1219957,0.0,0.0,0.0
1774267568.138606,0.0,0.0,0.0
1774267568.1553571,0.0,0.0,0.0
1774267568.1713624,0.0,0.0,0.0
1774267568.187875,0.0,0.0,0.0
1774267568.2047663,0.0,0.0,0.0
1774267568.221389,0.0,0.0,0.0
1774267568.2369874,0.0,0.0,0.0
1774267568.253683,0.0,0.0,0.0
1774267568.2703025,0.0,0.0,0.0
1774267568.286127,0.0,0.0,0.0
1774267568.3019466,0.0,0.0,0.0
1774267568.3188252,0.0,0.0,0.0
1774267568.3344984,0.0,0.0,0.0
1774267568.350107,0.0,0.0,0.0
1774267568.3667743,0.0,0.0,0.0
1774267568.3835416,0.0,0.0,0.0
1774267568.399228,0.0,0.0,0.0
1774267568.4149165,0.0,0.0,0.0
1774267568.4316926,0.0,0.0,0.0
1774267568.4485617,0.0,0.0,0.0
1774267568.4643507,0.0,0.0,0.0
1774267568.6461487,0.0,0.0,0.0
1774267568.6473663,0.0,0.0,0.0
1774267568.664046,0.0,0.0,0.0
1774267568.68075,0.0,0.0,0.0
1774267568.6963966,0.0,0.0,0.0
1774267568.7122579,0.0,0.0,0.0
1774267568.7282693,0.0,0.0,0.0
1774267568.7448444,0.0,0.0,0.0
1774267568.7608688,0.0,0.0,0.0
1774267568.7775655,0.0,0.0,0.0
1774267568.7932856,0.0,0.0,0.0
1774267568.8089488,0.0,0.0,0.0
1774267568.8255038,0.0,0.0,0.0
1774267568.841241,0.0,0.0,0.0
1774267568.8570063,0.0,0.0,0.0
1774267568.8737357,0.0,0.0,0.0
1774267568.8897657,0.0,0.0,0.0
1774267568.906704,0.0,0.0,0.0
1774267568.9227095,0.0,0.0,0.0
1774267568.9391365,0.0,0.0,0.0
1774267568.9559445,0.0,0.0,0.0
1774267568.9729776,0.0,0.0,0.0
1774267568.9897568,0.0,0.0,0.0
1774267569.0061097,0.0,0.0,0.0
1774267569.02308,0.0,0.0,0.0
1774267569.0400913,0.0,0.0,0.0
1774267569.0569427,0.0,0.0,0.0
1774267569.073782,0.0,0.0,0.0
1774267569.0896957,0.0,0.0,0.0
1774267569.1058967,0.0,0.0,0.0
1774267569.1236062,0.0,0.0,0.0
1774267569.139817,0.0,0.0,0.0
1774267569.1557853,0.0,0.0,0.0
1774267569.1717777,0.0,0.0,0.0
1774267569.1875956,0.0,0.0,0.0
1774267569.203597,0.0,0.0,0.0
1774267569.2202795,0.0,0.0,0.0
1774267569.2352085,0.0,0.0,0.0
1774267569.2512252,0.0,0.0,0.0
1774267569.2671824,0.0,0.0,0.0
1774267569.284289,0.0,0.0,0.0
1774267569.3001997,0.0,0.0,0.0
1774267569.3163714,0.0,0.0,0.0
1774267569.3323865,-0.17093037378921427,-0.12423774251552752,0.00011333333333331753
1774267569.3485274,-0.33816023916387494,-0.23628809915345197,-0.00017333333333336532
1774267569.3644297,-0.615862051670211,-0.44877734518825807,-0.0006466666666667309
1774267569.3801837,-0.73570188689359,-0.5193895977482696,-0.0009333333333334138
1774267569.397561,-0.8444256308810913,-0.589408063908131,-0.0011200000000000966
1774267569.4143314,-0.8444256308810913,-0.589408063908131,-0.0011200000000000966
1774267569.4300673,-1.0974935579497744,-0.7887139932937134,-0.0011800000000001445
1774267569.4475856,-1.1731905319520746,-0.8340389179324403,-0.0013666666666668273
1774267569.4637322,-1.2359364987816508,-0.8683838384101727,-0.0015533333333335102
1774267569.4795606,-1.3660907452833684,-0.9512540664079181,-0.0017266666666668753
1774267569.4956615,-1.422895159122368,-0.9875636202443041,-0.001813333333333558
1774267569.5121708,-1.4739097451065337,-1.0199340991759005,-0.0016000000000002403
1774267569.5292652,-1.5145511624561654,-1.061206957794594,-0.0017866666666669232
1774267569.5450382,-1.5964958799692504,-1.12551589192904,-0.0017600000000002882
1774267569.562335,-1.6317162028466627,-1.1449375950461926,-0.0013466666666669704
1774267569.5790792,-1.6518233321595581,-1.1511208599099043,-0.0017333333333336533
1774267569.595986,-1.6921698464504416,-1.1731674611491199,-0.0016066666666670185
1774267569.6128736,-1.7004203592379405,-1.1817236617900355,-0.001393333333333701
1774267569.6287158,-1.7257582990068574,-1.1846131075665014,-0.0013800000000003835
1774267569.644594,-1.7481020755285157,-1.2102812141631674,-0.001466666666667066
1774267569.6606264,-1.7566139656756787,-1.2099478918057769,-0.0012533333333337485
1774267569.6765318,-1.7786738876311416,-1.2274398310413723,-0.0017266666666671143
1774267569.6922286,-1.803287250489969,-1.2372426669186107,-0.0018133333333337969
1774267569.708231,-1.8132966549351262,-1.2406720490247678,-0.0016000000000004793
1774267569.7245078,-1.822943355567764,-1.249735713648382,-0.0018866666666671622
1774267569.7403183,-1.8494592693032512,-1.2596063545742753,-0.0017600000000005272
1774267569.7562823,-1.8493235808869861,-1.266706069884309,-0.00224666666666721
1774267569.795364,-1.8701794488728556,-1.2684850262423004,-0.003406666666667259
1774267569.8115213,-1.8677293812729119,-1.2685312104910675,-0.003693333333333942
1774267569.8288574,-1.8654362874740285,-1.2686524379868969,-0.004080000000000625
1774267569.8448002,-1.873027631390384,-1.2694875087330917,-0.00455333333333399
1774267569.8607452,-1.8761884220373695,-1.2875613393086351,-0.004340000000000672
1774267569.8766575,-1.8798312384924527,-1.286412370268255,-0.004626666666667355
1774267569.8929164,-1.8885743099518666,-1.28563740155473,-0.004813333333334038
1774267569.9088826,-1.87548075552915,-1.3000877525027836,-0.004386666666667403
1774267569.9251707,-1.885286369684589,-1.2981337419951418,-0.004573333333334086
1774267569.9430337,-1.8878158009157107,-1.2963703556639992,-0.004560000000000768
1774267569.9605832,-1.8964960058072118,-1.3264027964370084,-0.004433333333334133
1774267569.9770184,-1.8922020197850657,-1.3218031400862784,-0.004820000000000816
1774267569.9929755,-1.893534333305521,-1.317171615414676,-0.005306666666667499
1774267570.0089874,-1.9006193719686386,-1.3131922047478017,-0.005493333333334182
1774267570.0254035,-1.913852296297082,-1.306325308260362,-0.005766666666667548
1774267570.0403259,-1.9182818011929001,-1.302949124650659,-0.006253333333334231
1774267570.0561593,-1.9117551207772094,-1.3120318612404194,-0.0063400000000009135
1774267570.07308,-1.906023395857037,-1.3265746125843256,-0.0065266666666675965
1774267570.0901318,-1.9063992529937426,-1.321587714020745,-0.006500000000000962
1774267570.1069798,-1.9178072354408122,-1.3108966970354639,-0.006586666666667644
1774267570.1238,-1.9233233402885574,-1.3137948278112541,-0.006973333333334327
1774267570.1398046,-1.9233233402885574,-1.3137948278112541,-0.006973333333334327
1774267570.155728,-1.9316544004650438,-1.3051945231309492,-0.0068333333333343745
1774267570.1717875,-1.9296523534803474,-1.2963533860063834,-0.006820000000001057
1774267570.1880188,-1.9225431479667954,-1.3065439813131565,-0.00700666666666774
1774267570.2054908,-1.9220999175497815,-1.3217711856416168,-0.007493333333334423
1774267570.2212453,-1.9083506032747906,-1.335721843975578,-0.007666666666667789
1774267570.2386107,-1.9138858829100807,-1.3232255941509181,-0.007753333333334471
1774267570.255136,-1.9196207957565736,-1.3301951247810047,-0.007740000000001154
1774267570.271959,-1.9231245618358217,-1.3142664128226467,-0.008013333333334519
1774267570.2890089,-1.921859700211306,-1.2982340692430312,-0.008600000000001202
1774267570.306074,-1.92612693436716,-1.2898040156406474,-0.008386666666667885
1774267570.3228333,-1.930274127748011,-1.2999605380707477,-0.008273333333334567
1774267570.3386998,-1.9501767732134927,-1.3024678425007052,-0.008646666666667933
1774267570.354939,-1.9524829447557182,-1.3052406601332205,-0.008533333333334616
1774267570.371947,-1.9605810657189129,-1.3024479669994642,-0.008420000000001298
1774267570.3889074,-1.9624477637944682,-1.3204423482358405,-0.008893333333334665
1774267570.4049878,-1.9578434929002886,-1.3159812095047796,-0.009380000000001349
1774267570.4226859,-1.9421822273821217,-1.3001987484831254,-0.009566666666668031
1774267570.4388793,-1.933258662754453,-1.2917279541659796,-0.009753333333334713
1774267570.454926,-1.9167480011819444,-1.2783997039519812,-0.010126666666668078
1774267570.4712913,-1.9208220126012354,-1.27245482481098,-0.01031333333333476
1774267570.488054,-1.930326766195844,-1.2734404152189742,-0.010200000000001442
1774267570.5045605,-1.950955100022495,-1.286047540886256,-0.009586666666668126
1774267570.5204222,-1.9419190993986002,-1.2909422076035881,-0.009260000000001491
1774267570.5368607,-1.9442281797604746,-1.2967244742588901,-0.009546666666668174
1774267570.5537393,-1.934920506489119,-1.3020253533409298,-0.009733333333334857
1774267570.5700777,-1.920344473215604,-1.3121496183909462,-0.00982000000000154
1774267570.5859985,-1.8898309416710095,-1.323054876126576,-0.008993333333334904
1774267570.6027966,-1.8898309416710095,-1.323054876126576,-0.008993333333334904
1774267570.6182716,-1.8799580788359271,-1.3421122498485125,-0.008580000000001586
1774267570.635126,-1.890735317597776,-1.3469654531643394,-0.008153333333334952
1774267570.652379,-1.9105938680802557,-1.3564494866755066,-0.007326666666668318
1774267570.6682777,-1.9162800154372754,-1.348649974456926,-0.007113333333335
1774267570.6859806,-1.9211369514749124,-1.3589244440397916,-0.007300000000001683
1774267570.7020068,-1.9089543794806063,-1.3610621731214083,-0.007573333333335049
1774267570.7178388,-1.9148831422076198,-1.3531982949229127,-0.007260000000001731
1774267570.7340403,-1.926746744916132,-1.3460190181061713,-0.007346666666668414
1774267570.7511718,-1.9315152700166778,-1.3390978462070557,-0.008133333333335097
1774267570.7670844,-1.9390360407692093,-1.339409060151579,-0.009106666666668463
1774267570.7845743,-1.936202452753763,-1.3278461680456757,-0.009693333333335146
1774267570.8015394,-1.9340103250852718,-1.3409222674073447,-0.009480000000001829
1774267570.8175554,-1.9327955861380637,-1.3350235192554425,-0.009966666666668513
1774267570.8335664,-1.9019225402831565,-1.3248581546526352,-0.009540000000001879
1774267570.8500688,-1.8913138078859864,-1.3200882823178979,-0.009626666666668561
1774267570.867174,-1.8757083077263128,-1.3103247317026827,-0.009513333333335244
1774267570.883549,-1.877506841556807,-1.3103981103076938,-0.008886666666668609
1774267570.9002318,-1.880277965253229,-1.3068692620195468,-0.008673333333335292
1774267570.9170005,-1.883455085990188,-1.3158555979152076,-0.007960000000001974
1774267570.9332561,-1.8915470405727226,-1.3171185728057002,-0.007446666666668656
1774267570.9499848,-1.8887383597052747,-1.3317573616616194,-0.00672000000000202
1774267570.967365,-1.8905716639858319,-1.3440180679122753,-0.006606666666668703
1774267570.9836845,-1.8981172976071405,-1.348837106464587,-0.005893333333335386
1774267570.9994876,-1.8981172976071405,-1.348837106464587,-0.005893333333335386
1774267571.0154018,-1.904969263763882,-1.347409260149479,-0.0058800000000020685
1774267571.0313392,-1.905483036150426,-1.340861787144648,-0.005966666666668751
1774267571.0476706,-1.9053802096520045,-1.3281206621288746,-0.006453333333335434
1774267571.063984,-1.9113721279144564,-1.317235920442571,-0.0063400000000021165
1774267571.0799909,-1.9122303853669453,-1.3214334501658087,-0.006813333333335482
1774267571.0959542,-1.9181550038795494,-1.3233130353990827,-0.006600000000002164
1774267571.1122496,-1.9184097139679026,-1.3310545359343497,-0.006686666666668847
1774267571.1290393,-1.9233673102969964,-1.3312263458102982,-0.00677333333333553
1774267571.1462615,-1.9045132769661939,-1.3444630050535598,-0.007146666666668895
1774267571.164362,-1.9100781674037113,-1.3429786384339288,-0.007533333333335578
1774267571.1808803,-1.9219853610582134,-1.3427233655333044,-0.00732000000000226
1774267571.1969483,-1.9144938433997027,-1.3646871579736914,-0.007393333333335624
1774267571.2136335,-1.9199049428716883,-1.3621061777754653,-0.007180000000002306
1774267571.2301605,-1.919192993274509,-1.3657506829952055,-0.007366666666668989
1774267571.2475955,-1.9119291010081576,-1.3719550243107776,-0.007340000000002354
1774267571.2639596,-1.9118046626432394,-1.3747883597186972,-0.007526666666669037
1774267571.2809172,-1.9171019445438093,-1.3708179219427739,-0.0074133333333357195
1774267571.2983027,-1.922480664505828,-1.3735700828358137,-0.007400000000002402
1774267571.3143346,-1.9147577605230226,-1.3662909643901324,-0.007473333333335767
1774267571.3566434,-1.9176404825760798,-1.3683187484424877,-0.008346666666669134
1774267571.3727272,-1.895370786187529,-1.3216001620511715,-0.0089200000000025
1774267571.388937,-1.8987884066230565,-1.3281715999403996,-0.009006666666669183
1774267571.4048223,-2.1513956112080908,-1.5748431960778018,-0.07368000000000255
1774267571.4210372,-2.352512189068159,-1.916311234275725,-0.19896666666666923
1774267571.4372356,-2.1064301137907995,-2.146130116304419,-0.4102533333333359
1774267571.454075,-1.701860211656239,-1.9484845917014844,-0.6581400000000026
1774267571.4711537,-1.1052668113130646,-1.048850442106502,-0.9974133333333359
1774267571.488222,-0.77026758143598,-0.1762450802990721,-1.0675000000000026
1774267571.5058765,-0.22809197993201893,1.2290007038040662,-1.0574866666666694
1774267571.5217695,0.8519236252615638,4.732534356916225,-0.6644600000000027
1774267571.537593,0.9168591862852029,5.8977524125686465,-0.32054666666666937
1774267571.5534399,1.229159209823169,6.847274805166464,0.015066666666663953
1774267571.5693853,1.6576472889972091,7.923032504243775,0.2874799999999973
1774267571.585649,3.220284380842104,10.542270766047034,0.6442066666666639
1774267571.601655,3.7713617538044817,11.502592345597105,0.7738199999999973
1774267571.6177483,4.315302444639003,12.127594039805379,0.7859333333333306
1774267571.6337566,4.562449063669443,12.377502065973003,0.745146666666664
1774267571.64951,4.299669974444778,11.741725775316558,0.6820599999999972
1774267571.6852815,3.186939724935529,8.678043468034032,0.31298666666666386
1774267571.7011402,2.001405435587762,4.4240356915117545,-0.2978866666666695
1774267571.7182631,1.127903327484022,0.3016620034137091,-0.8523600000000029
1774267571.7350693,0.7069752634721976,-1.4822164266387217,-1.1010466666666696
1774267571.7526023,0.5130995232647217,-3.5088613661207066,-1.3003333333333362
1774267571.768319,-0.05408077860762972,-8.305294048272593,-1.6211066666666696
1774267571.7853403,-0.5589170687721516,-10.68251234268042,-1.7641933333333362
1774267571.8019388,-1.04624287730175,-13.131095024153302,-1.9029800000000028
1774267571.8184388,-1.4826335027404878,-15.773362140913473,-2.0544666666666695
1774267571.8341012,-2.1984350337300858,-20.734586681271207,-2.3252400000000026
1774267571.850664,-2.270872166577868,-23.250589521220313,-2.3497266666666694
1774267571.8670838,-2.104301504998471,-25.09983132735696,-2.200113333333336
1774267571.8836992,-2.275986046476496,-26.34588800942371,-1.5651866666666694
1774267571.8996298,-2.394827869454696,-26.026187456432275,-1.257973333333336
1774267571.9159176,-2.4642034901876415,-24.967569974640437,-1.0339600000000027
1774267571.9317162,-2.4378095793907493,-23.101892236554,-0.8477466666666693
1774267571.9476397,-2.1313904923750466,-20.61426543038674,-0.670533333333336
1774267571.9635646,-1.254247344521514,-14.810601360684432,-0.12450666666666932
1774267571.9797342,-0.2568848998278125,-11.609408737071666,0.195906666666664
1774267571.996262,0.9044383501741811,-8.340881786208463,0.5196199999999973
1774267572.0131106,1.7191025313509718,-4.9370437173391535,0.7766333333333306
1774267572.0300946,3.435245453763395,1.8761017367602668,1.1219599999999974
1774267572.0477612,4.340413696362995,5.559874003666663,1.3817733333333306
1774267572.063547,4.766784761696707,9.688899620433709,1.760786666666664
1774267572.091595,4.9737319070426205,13.89047085547601,2.1668999999999974
1774267572.0956457,5.055181844106101,19.925880535273432,2.959526666666664
1774267572.1117082,5.657431447156029,21.733983783325446,3.290639999999997
1774267572.1272666,6.018645078041343,23.03946753671501,3.4453533333333306
1774267572.1437929,6.117503007576735,23.7996053533448,3.429066666666664
1774267572.1592546,5.419065097647384,23.827886037392762,2.7923933333333304
1774267572.175776,4.870190879331066,23.546254982234885,2.1981066666666638
1774267572.1922357,4.053757823064535,23.868319767228158,1.4450199999999969
1774267572.2087836,3.1006831790951064,22.73049795957006,0.44823333333333015
1774267572.2253227,2.3799819293044866,16.54663092772959,-2.0189400000000033
1774267572.2418368,1.6887237574764635,11.297587206341726,-3.01172666666667
1774267572.258334,0.9636997258322464,5.548968347789865,-3.541613333333337
1774267572.274794,-2.194946933364409,-3.7881349880414206,-3.68638666666667
1774267572.2913415,-3.940905632795635,-7.549139388076156,-3.5923733333333367
1774267572.3079224,-4.994876721447795,-11.159934310194863,-3.4467600000000034
1774267572.3245158,-5.41887946962512,-14.777726059504635,-3.24234666666667
1774267572.34005,-6.502988044439276,-21.2444472915135,-2.814820000000003
1774267572.3568158,-7.535824857133538,-24.49526260287937,-2.72580666666667
1774267572.372467,-8.829348802594637,-27.74069546746029,-2.7199933333333366
1774267572.3881433,-10.025326208316548,-30.38756740798352,-2.7156800000000034
1774267572.4292207,-10.926793048461025,-32.202133167294086,-2.5448533333333367
1774267572.4462018,-10.904580190645365,-28.730125035209046,-2.1684133333333366
1774267572.4629807,-10.320341159972571,-26.51820669608138,-1.7120000000000033
1774267572.4798992,-9.511448482938315,-24.095665093111833,-0.9843866666666701
1774267572.4959188,-8.111114874986576,-18.799495960713156,1.0419399999999963
1774267572.5118344,-7.949482894300542,-14.744669316853631,2.0603533333333295
1774267572.5282133,-7.533109711545726,-9.962151555581489,2.954466666666663
1774267572.5456338,-7.145758105398092,-5.314373580292173,3.6070799999999963
1774267572.561593,-6.134132449420689,-0.06043073632025919,4.139806666666663
1774267572.5775836,-5.500647713925291,1.9833484261550987,4.065319999999996
1774267572.5942278,-5.173683538922564,2.944944826734253,3.8115333333333297
1774267572.611245,-4.741247010126901,3.2827272041716458,3.402646666666663
1774267572.6273258,-4.272451352327781,1.5000051328505153,2.1849733333333297
1774267572.645113,-4.2597429408942835,-1.1289545598531778,1.4513866666666628
1774267572.66287,-4.346949798037272,-4.080224537075569,0.8671999999999962
1774267572.6783853,-4.299814264266782,-7.896051783582072,0.22562666666666284
1774267572.694312,-4.135854326839656,-8.706555224316695,0.09823999999999616
1774267572.7110572,-3.837150399105691,-8.792190326710392,0.04785333333332947
1774267572.7277489,-3.5535502704639685,-8.272962450726798,0.0787666666666628
1774267572.7435675,-2.8644101273243066,-7.208679757154318,0.13107999999999612
1774267572.760072,-2.8644101273243066,-7.208679757154318,0.13107999999999612
1774267572.7765946,-1.016375521414694,-4.554065298493349,0.30240666666666277
1774267572.7922254,0.11478460621607019,-3.392391381881417,0.5044199999999961
1774267572.8086984,1.0897320562453967,-2.853005760818636,1.1698466666666627
1774267572.8244069,0.29748344121495646,-1.9934362911296302,1.606459999999996
1774267572.8418846,0.3174410094336886,-2.0537161217439555,1.8604733333333292
1774267572.8585677,-0.4559827459471362,-2.2923198024170555,1.7761866666666626
1774267572.874241,-0.5666805866193871,-2.363447063347647,1.652413333333329
1774267572.8914378,-0.5046808216242771,-2.14755414645171,1.6497266666666623
1774267572.906947,-0.6343620186951457,-2.068669622622523,1.6478399999999958
1774267572.923864,-0.8021381283564379,-2.086658243258196,1.647353333333329
1774267572.9396532,-1.0114941891739773,-1.9460133538900888,1.6469799999999954
1774267572.955908,-1.0947863750957803,-1.8785414916129275,1.6465933333333287
1774267572.972524,-1.1642549061898493,-1.8399883809243769,1.646506666666662
1774267572.9882007,-1.2209548664860976,-1.7859548291580227,1.6469199999999953
1774267573.0051198,-1.3254224971619624,-1.721652372652417,1.647746666666662
1774267573.022663,-1.3734929312238475,-1.6860955128343238,1.6479599999999954
1774267573.0393362,-1.42418951689256,-1.6492030748618693,1.6479733333333288
1774267573.0563831,-1.5171823434236833,-1.606711410091908,1.6475999999999953
1774267573.0733693,-1.5546265019813494,-1.5824735869639381,1.6481133333333287
1774267573.0902555,-1.605401464518424,-1.5539519664879011,1.648626666666662
1774267573.1072762,-1.6386959524021432,-1.5505791997986367,1.6493399999999954
1774267573.1241274,-1.675953708122468,-1.5488071925621008,1.6494533333333288
1774267573.1415818,-1.675953708122468,-1.5488071925621008,1.6494533333333288
1774267573.157383,-1.641423471269382,-1.5893574769071048,1.651266666666662
1774267573.174328,-1.8457029461269638,-1.3869946892480716,1.6486933333333287
1774267573.1918585,-1.8210260385461874,-1.3691337083005846,1.648106666666662
1774267573.2078495,-1.9180809320133427,-1.483406338811248,1.6479199999999952
1774267573.2238574,-1.89193004932107,-1.4799374439579407,1.644746666666662
1774267573.2398615,-1.8620066448335113,-1.4502405106355842,1.6439599999999952
1774267573.256043,-1.8403584031035425,-1.442307242011589,1.6437733333333284
1774267573.271878,-1.8229255460470282,-1.4185993131226047,1.6432866666666617
1774267573.2877233,-1.825222539320866,-1.3807919312816257,1.643499999999995
1774267573.3036382,-1.8359972428457814,-1.373235908107631,1.6454266666666617
1774267573.3195136,-1.8610901282531713,-1.4294996844349264,1.645639999999995
1774267573.3354254,-1.8657464041373146,-1.4259585807069897,1.6458533333333285
1774267573.3523216,-1.8761473112976033,-1.4053379745163586,1.6463666666666619
1774267573.3693423,-1.9221707708197204,-1.3957103475222905,1.6473933333333286
1774267573.3863342,-1.9328704934170529,-1.4080310051316474,1.647606666666662
1774267573.4035022,-1.9192206689700773,-1.413757435164074,1.6478199999999954
1774267573.4189813,-1.8800093252595451,-1.4021536597857764,1.647846666666662
1774267573.4360895,-1.8773953217605395,-1.4195687640389338,1.6477599999999952
1774267573.4529636,-1.8773953217605395,-1.4195687640389338,1.6477599999999952
1774267573.469242,-1.9176818246936698,-1.4101289741274683,1.647886666666662
1774267573.4852467,-1.932316370412449,-1.4308358992160204,1.6481133333333289
1774267573.5026581,-1.912605233593506,-1.4281272699681011,1.647826666666662
1774267573.5191815,-1.912836816792761,-1.4313648844954256,1.6476399999999953
1774267573.5360725,-1.945568850646532,-1.410185998198911,1.6470666666666618
1774267573.5522063,-1.9359724267188585,-1.4089815542764614,1.646679999999995
1774267573.569092,-1.910726367564933,-1.4086992910816891,1.6464933333333283
1774267573.5853472,-1.8990270391601307,-1.4023432347377038,1.6462066666666615
1774267573.6012614,-1.918733066154622,-1.3852025792944824,1.646233333333328
1774267573.618711,-1.9241433534050723,-1.4048090876035872,1.6458466666666614
1774267573.6346548,-1.9224732892528884,-1.4096990187591076,1.6454599999999946
1774267573.651155,-1.9389054348203083,-1.4029752975196588,1.6448733333333279
1774267573.6671553,-1.9395038909727347,-1.4141830800895294,1.6438999999999944
1774267573.6841714,-1.9366309214702075,-1.4126039635501164,1.6437133333333276
1774267573.7001748,-1.9351650565959435,-1.412060116712844,1.6435266666666608
1774267573.7161596,-1.933029266915116,-1.4224954833042398,1.643039999999994
1774267573.7328105,-1.9182771228194484,-1.4138206587491067,1.6427666666666607
1774267573.7477257,-1.9178472576408938,-1.4009080460485632,1.642679999999994
1774267573.7633743,-1.9229727900355686,-1.3836946754678303,1.6428933333333273
1774267573.7806246,-1.939771370452752,-1.385518373044028,1.6433066666666607
1774267573.796295,-1.9511956361943776,-1.3991421440679503,1.6436333333333275
1774267573.8421237,-1.9263637551941337,-1.4159515042470339,1.6435599999999941
1774267573.8589435,-1.906498365740944,-1.4187841232735485,1.6430866666666608
1774267573.8748698,-1.9341879523615602,-1.4272524450923858,1.6439133333333276
1774267573.890962,-1.9382363461492134,-1.4303502384625366,1.644226666666661
1774267573.9069998,-1.9475326580099974,-1.427264775181023,1.6447399999999943
1774267573.923926,-1.9619849518892933,-1.4310082088886558,1.6452533333333277
1774267573.9398086,-1.9579684246961513,-1.432340102452953,1.6452799999999943
1774267573.9559138,-1.9539503927700181,-1.4301350021980137,1.6451933333333275
1774267573.9724762,-1.9436406869004834,-1.4391728991713229,1.6448066666666608
1774267573.9894164,-1.9351424821849248,-1.4417792821189048,1.644319999999994
1774267574.0065615,-1.92740370804555,-1.4298497296513502,1.6438466666666605
1774267574.0224366,-1.926232838672234,-1.421221117152459,1.6440599999999939
1774267574.0392752,-1.92543765930533,-1.4198269484135324,1.6442733333333273
1774267574.0561028,-1.9169082938191,-1.399084682655943,1.643699999999994
1774267574.0719855,-1.916631609057796,-1.3942577243415892,1.6433133333333272
1774267574.087823,-1.9218298425781954,-1.406609676447178,1.6431266666666604
1774267574.1038465,-1.920395155176452,-1.4052240472411877,1.6429399999999936
1774267574.1197455,-1.9185018224682158,-1.4045318648463192,1.6428533333333268
1774267574.1356866,-1.9115780980744062,-1.4152952735583957,1.6426799999999933
1774267574.1681015,-1.9175218796402416,-1.4200796596797858,1.6434933333333266
1774267574.1837957,-1.9105988742431674,-1.4324217121903955,1.6436199999999932
1774267574.1997113,-1.928509509121962,-1.4439567278338847,1.6426466666666597
1774267574.2156248,-1.932798918032958,-1.4399229051195124,1.6427599999999931
1774267574.231658,-1.9250242315535173,-1.4308009641792176,1.6427733333333265
1774267574.247687,-1.9060068173159903,-1.4398104823920344,1.64298666666666
1774267574.2636523,-1.911933721872667,-1.438862539968762,1.6430133333333266
1774267574.2796986,-1.9179560053655447,-1.4353573749269164,1.6427266666666598
1774267574.2957308,-1.929803528898974,-1.426845282487696,1.642539999999993
1774267574.3125112,-1.9281005408413139,-1.4246387802461213,1.6424533333333262
1774267574.329406,-1.931771684136715,-1.4219929443347605,1.642779999999993
1774267574.3467789,-1.9363460239782049,-1.432217409963806,1.6422933333333263
1774267574.3634982,-1.9405831331926826,-1.4470271273356758,1.6425066666666597
1774267574.3805747,-1.9346247430535688,-1.433382144029762,1.6423333333333263
1774267574.3967075,-1.9207706143835324,-1.4307053735931106,1.6419466666666596
1774267574.4132173,-1.9200467785731987,-1.4221438029954296,1.6413599999999928
1774267574.4309978,-1.9191301354791517,-1.432552332527626,1.641173333333326
1774267574.4471884,-1.9271144668581441,-1.411265539576697,1.6403999999999925
1774267574.4632366,-1.9198018843954694,-1.4119756113246984,1.6396133333333258
1774267574.4791532,-1.9063417025353877,-1.4058982880287534,1.639126666666659
1774267574.4959934,-1.8882290272037618,-1.3948974246501225,1.6398399999999924
1774267574.5124848,-1.8882290272037618,-1.3948974246501225,1.6398399999999924
1774267574.5291748,-1.8782484999918918,-1.4027445206200382,1.6395533333333256
1774267574.5459156,-1.8639428969120193,-1.39735919830866,1.640366666666659
1774267574.5616102,-1.8625608662759234,-1.4043019627188964,1.6407799999999924
1774267574.577349,-1.8814981035352305,-1.4027643057367143,1.6415066666666591
1774267574.5942502,-1.8957826487727907,-1.3906305183057093,1.6413199999999923
1774267574.611951,-1.9026407182499183,-1.3855038337627097,1.6415333333333257
1774267574.627517,-1.9049412284222527,-1.3882532314002696,1.6415599999999924
1774267574.6440916,-1.905448442680795,-1.389709078136125,1.6414733333333256
1774267574.6601267,-1.9003678723562218,-1.3914363100285596,1.6411866666666588
1774267574.6762211,-1.9013611001075275,-1.3931278618407543,1.6414999999999922
1774267574.6919012,-1.9088203084097775,-1.3896881077214995,1.6420133333333256
1774267574.7080598,-3.1926177210258597,-2.3125175837348495,1.5174399999999921
1774267574.7242317,-4.486098568028135,-2.9971022759413475,1.2339533333333255
1774267574.739943,-4.659607614854459,-2.8534632259709922,1.0150666666666588
1774267574.75652,-3.8630233019129667,-2.34661498488514,0.8916799999999921
1774267574.771996,-2.168309648975776,-1.5462774008333675,0.7988066666666588
1774267574.7876205,-2.9807219629808452,-2.155907611263733,0.642919999999992
1774267574.803414,-4.3596735056114575,-3.1134883604230166,0.15563333333332535
1774267574.8202078,-4.3596735056114575,-3.1134883604230166,0.15563333333332535
1774267574.8369868,-0.7481059786394109,-1.3414875062791565,-1.9856266666666749
1774267574.8527644,0.2096957699655182,-2.069314136393797,-2.2091133333333417
1774267574.8689835,1.04986306672694,-2.0789602176171216,-2.7357000000000085
1774267574.8858585,2.1199947048848102,-1.8467565226156086,-3.4721866666666754
1774267574.9013805,2.331964879150201,0.49729339127717326,-4.812960000000008
1774267574.9185789,2.5132037171285115,2.6135156325401994,-5.331946666666675
1774267574.9356203,3.159329643704006,5.778590264300798,-5.745733333333342
1774267574.9511657,3.45111853107185,9.262740743289381,-6.1397200000000085
1774267574.9683933,5.222100524424753,13.937643963420857,-7.048093333333342
1774267574.985693,6.511344897835746,14.2006920433458,-7.186380000000009
1774267575.0031898,7.498470548547962,13.825685141565131,-6.951066666666676
1774267575.0193589,8.98854686047252,12.1454351959751,-5.581740000000009
1774267575.0354795,9.474374951892232,11.418473435307856,-4.415726666666675
1774267575.0531666,10.09812073000727,11.364692496815302,-2.850413333333342
1774267575.068802,10.97493888384944,10.883535913497884,-1.1896000000000084
1774267575.0844748,12.059532100386056,8.685037511533727,1.178326666666658
1774267575.1022182,12.67491319768856,7.409980494721028,1.7550399999999913
1774267575.1197,13.279755671410102,6.504673054553413,2.1777533333333245
1774267575.1332994,13.665775223609122,6.283248596972929,2.658366666666658
1774267575.1505628,11.295147937914367,5.548653496404572,2.9432933333333247
1774267575.1671183,9.400406823535006,5.3487530713608145,2.587506666666658
1774267575.1838272,7.210446626928795,4.667113127942389,2.0036199999999917
1774267575.199723,7.210446626928795,4.667113127942389,2.0036199999999917
1774267575.215484,2.558904722082964,3.201149480390681,0.42604666666665825
1774267575.2324264,0.4821658618317337,-0.19993814340438543,-0.4149400000000085
1774267575.249342,-1.372532103685681,-3.8586613215492127,-1.1472266666666753
1774267575.2660484,-4.02790061984499,-7.158481587391391,-2.4342000000000086
1774267575.281975,-3.2082254956558085,-8.29562211647311,-2.9914866666666753
1774267575.2982137,-1.2288573258388205,-9.099425058025723,-3.422873333333342
1774267575.3137841,-1.5452552998013853,-11.336009509337881,-3.7782600000000084
1774267575.3295043,-2.1210787144233008,-13.35321170611179,-4.154846666666675
1774267575.347045,-5.768722991886506,-16.571015280051398,-5.2407200000000085
1774267575.3640926,-7.498463701667852,-17.966652935065078,-5.965206666666675
1774267575.3796,-8.237216795527928,-21.66306716903112,-6.644293333333342
1774267575.3969817,-10.613434445707213,-27.67063330592641,-5.744666666666674
1774267575.413167,-14.357390433532496,-28.11672746558622,-5.382853333333341
1774267575.4297392,-17.70431428930976,-28.004374988191927,-5.335640000000008
1774267575.4462497,-19.977684368599057,-29.994795101231006,-5.621326666666675
1774267575.4623704,-20.90343374250469,-27.80393000054187,-7.146400000000008
1774267575.4783459,-19.532279442604313,-23.813924285262566,-8.253786666666674
1774267575.494241,-17.101152469155277,-19.30251216101872,-9.08847333333334
1774267575.5112767,-16.101504919707622,-16.56506480037586,-9.265960000000007
1774267575.5262012,-24.160942556564102,-21.261888161161387,-9.808233333333341
1774267575.542411,-24.160942556564102,-21.261888161161387,-9.808233333333341
1774267575.5593696,-27.006109574855298,-22.000395757413852,-10.199520000000007
1774267575.5762215,-28.75265985767662,-21.457779217797288,-13.38429333333334
1774267575.5921574,-27.695001672504443,-19.315837532747413,-13.129880000000005
1774267575.6080215,-27.142394868996853,-17.707805288625856,-12.870166666666671
1774267575.6238942,-26.39133039441748,-17.747078576410804,-12.907153333333339
1774267575.6400533,-25.312241987000174,-18.28668096948729,-13.207640000000005
1774267575.6558778,-22.04852093545692,-16.167549425446015,-13.54701333333334
1774267575.67187,-22.04466748528653,-16.231718143962897,-13.726400000000005
1774267575.6882143,-22.97547430469671,-16.0550282606956,-14.047186666666672
1774267575.704923,-23.188353607066695,-15.211813166356865,-14.519873333333338
1774267575.7207184,-21.019603631739674,-12.299030762394004,-15.312446666666672
1774267575.73703,-20.021503654047407,-10.797352943684327,-15.359933333333338
1774267575.753815,-19.241177189547717,-9.311589867444095,-15.158420000000005
1774267575.770174,-19.053305649443768,-7.703027766682831,-14.837406666666672
1774267575.786169,-20.259800790586457,-5.466657227305631,-14.195580000000005
1774267575.802562,-20.195636436745446,-5.101255432716921,-13.903566666666672
1774267575.8198588,-19.208032240941577,-4.788137003447544,-13.637353333333339
1774267575.8359928,-17.891288982904406,-4.154401836303575,-13.370140000000005
1774267575.852301,-16.27325365264263,-3.220749376967406,-12.718913333333338
1774267575.868942,-15.82737065878666,-3.3209319626884564,-12.284900000000006
1774267575.8860478,-15.58391210838791,-3.6197634172122393,-11.744086666666671
1774267575.9024155,-16.23953248312043,-4.8583045490234245,-10.583960000000005
1774267575.9185557,-16.23953248312043,-4.8583045490234245,-10.583960000000005
1774267575.9356267,-17.49474788143119,-6.329729193188278,-10.535246666666671
1774267575.9524012,-21.086724604798388,-9.343616046685407,-10.113320000000003
1774267575.969353,-23.448400872992128,-11.936795997333396,-9.991093333333337
1774267575.9868143,-23.91650206043355,-12.915392306967309,-10.063780000000003
1774267576.0027733,-24.16554897073524,-13.416003392796279,-10.20716666666667
1774267576.018949,-24.411186146056835,-13.555927970405858,-10.886240000000003
1774267576.035005,-24.428639243445993,-13.936572555072088,-11.45012666666667
1774267576.051476,-24.56736957121214,-14.720619930841615,-12.112413333333336
1774267576.0690238,-24.97055064181068,-15.532987960008029,-12.888400000000003
1774267576.0849488,-24.50293933130763,-17.03269214004281,-14.784373333333336
1774267576.1009095,-23.255663272889777,-17.999484510384548,-15.756160000000003
1774267576.1169028,-21.51076057096083,-19.13193544717079,-16.611946666666668
1774267576.132928,-19.62949255111526,-20.392412723240792,-17.245833333333334
1774267576.1492805,-16.08785844674967,-22.485344168494258,-17.606706666666664
1774267576.165409,-14.752351978628512,-22.982740640988773,-17.37619333333333
1774267576.1814713,-13.741240345519797,-22.67264431172478,-16.927579999999995
1774267576.1974337,-12.776747471404597,-21.74877472868814,-16.275966666666662
1774267576.2134778,-11.058540029658278,-18.94536099142276,-14.610339999999995
1774267576.229263,-10.264819438678341,-17.22327410807907,-13.674726666666663
1774267576.2453175,-9.471752490392761,-15.44486668485792,-12.71431333333333
1774267576.261071,-8.37581927763401,-13.576737816109615,-11.766099999999996
1774267576.2770693,-7.0150268772418105,-11.908474175707035,-10.837386666666664
1774267576.2933025,-7.0150268772418105,-11.908474175707035,-10.837386666666664
1774267576.3092072,-5.825301749300475,-10.876322572182625,-9.94017333333333
1774267576.325687,-4.652820379911459,-11.285571261218575,-8.670359999999997
1774267576.3425395,-3.9844627500800542,-10.992941401037788,-7.171746666666664
1774267576.3596919,-4.732939373259205,-9.306854919254771,-3.770419999999997
1774267576.3759906,-5.6185871349414285,-8.429969834999397,-2.0327066666666633
1774267576.3919923,-6.49061466948088,-7.432574922177017,-0.32599333333333
1774267576.407932,-7.254900739698094,-6.51859725276959,1.3183200000000033
1774267576.4240386,-7.517747999133686,-4.23759392261883,4.50054666666667
1774267576.4402556,-7.607717667077933,-3.598369059345184,6.073460000000003
1774267576.4561462,-8.188472553599738,-3.4344607927297375,7.6124733333333365
1774267576.4722688,-8.607090651435616,-2.870509073164565,9.08518666666667
1774267576.4881692,-8.353340702037922,-0.691426049331754,11.956413333333337
1774267576.5044062,-8.348148198823273,0.3762985954178385,13.30642666666667
1774267576.5216737,-8.613139413815615,0.9640428133005254,14.472140000000003
1774267576.5390162,-9.457373418585648,0.047899384584675186,16.34076666666667
1774267576.5552917,-9.788574479385451,-0.5972077869945365,17.183080000000004
1774267576.5720232,-10.534430012633155,-0.862848805613336,17.946493333333336
1774267576.5890326,-11.869018217444784,-0.9943071815422262,18.56020666666667
1774267576.604575,-15.892308327836368,-2.026884292037151,19.07763333333334
1774267576.6210217,-17.57547052029927,-3.0789161061942596,18.994246666666672
1774267576.637618,-18.51402080788329,-3.919558073471057,18.822660000000006
1774267576.6547723,-18.960797322361987,-4.884153742858515,18.61867333333334
1774267576.670853,-18.724900166629826,-7.172697422678254,18.295700000000007
1774267576.6868782,-18.50520927079878,-7.438292030911007,18.18501333333334
1774267576.7027915,-18.519799624920807,-6.9467075764329,18.027626666666674
1774267576.7192612,-18.88102679002544,-5.809773116219293,17.74424000000001
1774267576.7351048,-20.196357495442378,-3.2457573789231517,16.502466666666677
1774267576.7641473,-20.196357495442378,-3.2457573789231517,16.502466666666677
1774267576.7800167,-21.936203913228933,-1.36794019957247,12.986506666666676
1774267576.7957027,-23.186412439381673,-1.2901959952445707,11.37272000000001
1774267576.8124144,-25.51838376459981,-3.4309774407381752,7.461646666666676
1774267576.8296382,-25.835402837719684,-5.6317347007333085,5.356360000000009
1774267576.8465984,-24.924285680623484,-7.973406876155749,3.2552733333333426
1774267576.863284,-23.68399795853597,-9.111960589591153,1.2506866666666756
1774267576.8792508,-21.950284931198127,-10.471310206381373,-2.194686666666658
1774267576.895678,-21.9118739865059,-11.744316501054941,-3.5972733333333244
1774267576.9124413,-23.027792021450345,-13.136850722681423,-4.892059999999991
1774267576.9294913,-26.175570890125933,-14.62472123898651,-7.426833333333324
1774267576.946063,-26.748988002137455,-14.34922183673599,-8.85981999999999
1774267576.9628494,-25.9619987205337,-13.92899831450709,-10.438406666666657
1774267576.9798014,-24.18518088374554,-13.984408909715393,-12.026593333333324
1774267576.995164,-20.65817958816667,-16.19943341280183,-14.458966666666656
1774267577.0117166,-19.916566772425046,-17.74852649466554,-15.242853333333324
1774267577.0295677,-19.587819499646553,-18.834658421778578,-15.88263999999999
1774267577.0459616,-17.985212767155147,-20.278583611530074,-17.028813333333325
1774267577.0624006,-16.63242917568805,-21.02447431028053,-17.446899999999992
1774267577.0793257,-15.162190566766514,-21.740387402945466,-17.70068666666666
1774267577.0953608,-13.843423707013914,-22.160906719427892,-17.787573333333327
1774267577.1110902,-12.08735163007577,-21.374804578192606,-17.68544666666666
1774267577.1273587,-12.08735163007577,-21.374804578192606,-17.68544666666666
1774267577.1432674,-12.08735163007577,-21.374804578192606,-17.68544666666666
1774267577.1590302,-12.245484665107888,-20.024887667733083,-17.919206666666664
1774267577.1748793,-12.40729916336925,-20.256113634421617,-18.17969333333333
1774267577.190932,-11.804193436839231,-21.08903562946871,-18.701866666666664
1774267577.2071834,-11.22304120285033,-21.611048896100034,-18.869753333333332
1774267577.223201,-10.729551506863421,-21.97362420392776,-18.96624
1774267577.2391229,-10.531674435927973,-22.044885368614278,-19.046026666666666
1774267577.254833,-10.344159255794514,-22.24342216497149,-19.3612
1774267577.2706382,-9.976805110576676,-22.554098156243693,-19.551386666666666
1774267577.287388,-9.390405985721836,-22.960048661593838,-19.675073333333334
1774267577.305339,-8.254968873305382,-23.360366090063156,-19.58444666666667
1774267577.3200278,-7.852423981977346,-23.287286327100496,-19.420133333333336
1774267577.3358736,-7.518502706452395,-23.23206286987928,-19.228820000000002
1774267577.35142,-7.31820459833287,-23.192059739633297,-19.041006666666668
1774267577.3682022,-7.279092984921956,-23.04019451254215,-18.890093333333336
1774267577.3839724,-7.107415637305019,-22.60215425531114,-18.73536666666667
1774267577.3997319,-6.9301335027416435,-22.516586546131556,-18.690453333333338
1774267577.4164748,-6.762444163922884,-22.544969188501483,-18.649640000000005
1774267577.4330578,-6.6029078360051585,-22.65565006091107,-18.60942666666667
1774267577.4487345,-6.511188174516196,-22.775152331052663,-18.58041333333334
1774267577.4653513,-6.374073980607085,-23.063653982560034,-18.584886666666673
1774267577.4822235,-6.281366272369123,-23.28650809681405,-18.60747333333334
1774267577.4984374,-6.236186311691725,-23.47054372068233,-18.637460000000004
1774267577.515143,-6.091324634717277,-23.699662641787036,-18.74313333333334
1774267577.5312982,-5.95785406985293,-23.803029003176412,-18.809820000000006
1774267577.5478415,-5.754663212857243,-23.901268164735505,-18.863506666666673
1774267577.563867,-5.581564876146274,-23.976070327114343,-18.88999333333334
1774267577.5795794,-5.465644217411487,-23.756924898520783,-18.898166666666672
1774267577.596713,-5.404254506066056,-23.509876485002856,-18.89055333333334
1774267577.613481,-5.392742176675102,-23.202463113096606,-18.877640000000007
1774267577.6303568,-5.412030360399942,-22.339570135700903,-18.85891333333334
1774267577.6464105,-5.404711547264543,-22.093480927866697,-18.848100000000006
1774267577.6625524,-5.357789057568285,-22.17021922651784,-18.805586666666674
1774267577.6803854,-5.019754060494141,-22.473654212940133,-18.66517333333334
1774267577.6965098,-5.084855491088779,-22.468815071446343,-17.890446666666673
1774267577.7128708,-4.998409130543646,-21.68457869674463,-17.21993333333334
1774267577.7293253,-4.469161979011537,-19.852190680476827,-16.32352000000001
1774267577.7453978,-3.3451778896859086,-16.749174976006955,-15.236606666666676
1774267577.7650847,-1.6232116835591122,-10.599036746439973,-12.83298000000001
1774267577.7773042,-1.0814220612210748,-7.732848239124129,-11.728466666666677
1774267577.7937438,-0.4488519491568675,-4.5953190213547135,-10.811553333333343
1774267577.810765,-0.4488519491568675,-4.5953190213547135,-10.811553333333343
1774267577.8277292,4.841882693476354,1.7170255969855528,-9.275413333333342
1774267577.8452108,6.04942743474809,2.0328823228074655,-8.858700000000008
1774267577.8615642,6.640744072687414,1.688681500598245,-8.355786666666674
1774267577.8786223,7.777371003103039,-0.9582809764683264,-6.850460000000008
1774267577.8948874,7.902654855024811,-1.6908655641900423,-5.956146666666674
1774267577.9115696,7.162949245033796,-6.026569866113409,-5.112133333333341
1774267577.9285595,9.120806130440126,-8.807434843458935,-4.538120000000008
1774267577.9446168,12.516047086308912,-9.732447793036535,-3.928793333333342
1774267577.9622335,13.530366549157405,-8.062294152547432,-3.644780000000009
1774267577.9800036,14.391156469526766,-5.9621257385915625,-3.2594666666666754
1774267577.9950132,12.226396650276993,0.6096844023604945,-2.351440000000009
1774267578.0111737,11.214511091389564,2.489461067309609,-1.8580266666666758
1774267578.0271373,10.420760564746727,3.353202950424929,-1.4966133333333425
1774267578.0432878,9.650732966366176,4.192460104575613,-1.260200000000009
1774267578.059645,8.840545031921895,5.980118991914917,-1.1010866666666757
1774267578.0759454,7.138626134276478,11.219584236325844,-0.935860000000009
1774267578.0920007,5.945973630799814,13.958550109551027,-0.8905466666666757
1774267578.1080015,5.004134385268157,16.675471131378032,-0.8135333333333423
1774267578.1241276,3.55272911383981,17.395316731042662,-0.432920000000009
1774267578.1402092,-0.7070078238536481,17.043103688679786,0.33410666666665767
1774267578.156147,-0.7070078238536481,17.043103688679786,0.33410666666665767
1774267578.1719155,-0.7070078238536481,17.043103688679786,0.33410666666665767
1774267578.1879795,-2.092470863664907,14.640889612896284,0.8809466666666577
1774267578.2037354,-1.7077622466024016,12.953518429794398,0.7896733333333242
1774267578.2206593,-1.3919325748258504,13.06016980209573,0.7615866666666575
1774267578.2384315,-1.5742765067872773,12.240316521100482,0.7363999999999908
1774267578.2543042,-1.2857875435385027,12.322734404631845,0.6449133333333241
1774267578.270417,-0.35695982065846954,5.024073593931423,0.7751399999999908
1774267578.2868323,-0.4766480965109371,3.1172571396762008,0.7201533333333241
1774267578.3027778,-0.5051444840506637,2.7323963763431265,0.6999666666666574
1774267578.3200448,-0.8291973054991132,1.7844136522483962,0.696393333333324
1774267578.3362043,-0.9855926904876615,1.4059397542642469,0.6961066666666573
1774267578.3530152,-1.0899605697452257,1.0995259982981336,0.6959199999999907
1774267578.3695917,-1.1800367718417384,0.8556310060706345,0.696033333333324
1774267578.3857932,-1.338509546168532,0.4073748717613579,0.6965599999999906
1774267578.4023476,-1.4145394164563907,0.19450374332525172,0.6967733333333239
1774267578.4184864,-1.4798855673972127,0.03214586411551992,0.6965866666666573
1774267578.434659,-1.5311592013235416,-0.11558815201614608,0.6967999999999905
1774267578.450781,-1.6363388826518637,-0.38017293662649254,0.6984266666666572
1774267578.4678545,-1.6882215293814353,-0.5172929971436704,0.6998399999999905
1774267578.484289,-1.7246166608845366,-0.6194230552715543,0.7010533333333238
1774267578.500304,-1.7627135158827636,-0.7228157957193375,0.7029666666666571
1774267578.5161426,-1.785702374589491,-0.7939240594710832,0.7062799999999904
1774267578.5321076,-1.785702374589491,-0.7939240594710832,0.7062799999999904
1774267578.5479774,-1.8600066802630162,-0.9884340645492978,0.7244199999999903
1774267578.564232,-1.87652282855769,-1.0516342533615477,0.7289333333333237
1774267578.580053,-1.9267221315114562,-1.162568616228614,0.7317599999999903
1774267578.5961165,-1.942686057829609,-1.2020296401292276,0.7327733333333236
1774267578.6122282,-1.964020013983078,-1.2502771566540885,0.7326866666666569
1774267578.6282237,-1.9824834544735288,-1.2871011253860083,0.7326999999999902
1774267578.6443224,-1.994039585565776,-1.3148056669642603,0.7332133333333236
1774267578.6603558,-2.0184048461480093,-1.3714500704660688,0.7343399999999903
1774267578.6763947,-2.0319472081078795,-1.396554721288861,0.7344533333333236
1774267578.6922243,-2.0407128456246215,-1.4261836876535683,0.735066666666657
1774267578.7083025,-2.041962014125993,-1.427742548917516,0.7370799999999903
1774267578.7242088,-2.0339836465020404,-1.4808372218646673,0.757906666666657
1774267578.7401087,-2.041305400535284,-1.5133406886409766,0.7819199999999903
1774267578.755938,-2.0369906903576958,-1.5167438243240225,0.8111333333333236
1774267578.7718287,-2.024797447134387,-1.4635258503483806,0.8273466666666569
1774267578.788791,-2.010276150604067,-1.4427691844450605,0.8322733333333235
1774267578.8058014,-2.0111153137196407,-1.435687228326671,0.8314866666666568
1774267578.822735,-2.0052823764443217,-1.4236605452375144,0.8302999999999902
1774267578.840314,-2.0038596227429992,-1.4373945221489548,0.8275266666666568
1774267578.85644,-1.9818711858941018,-1.402449592205525,0.8251399999999901
1774267578.8723192,-2.0336563563375734,-1.4622771492192257,0.8256533333333235
1774267578.8881862,-2.001995692940685,-1.4188427325865345,0.8238666666666568
1774267578.9039862,-2.001995692940685,-1.4188427325865345,0.8238666666666568
1774267578.9200113,-1.9972422007118185,-1.4144420923117673,0.8179933333333234
1774267578.9364197,-1.992025565268969,-1.3911667061038808,0.8106066666666567
1774267578.9532073,-1.9911705634890233,-1.3718102658589282,0.80161999999999
1774267578.969134,-1.9879808617823878,-1.3476140397346692,0.7981333333333234
1774267578.9851317,-1.8711272702062902,-1.3147265198275235,0.80225999999999
1774267579.001229,-1.873211124430231,-1.1629391281390393,0.8016733333333232
1774267579.0175312,-1.9476350752430722,-1.2820867100865323,0.8017866666666565
1774267579.0347376,-1.9771826663405043,-1.0035255992405376,0.7986133333333232
1774267579.0505772,-2.003858033229337,-1.0798442270459168,0.7984266666666565
1774267579.067477,-1.9980391626636422,-1.0893714707700486,0.7982399999999898
1774267579.0843291,-1.8622155648770928,-1.0783198191844763,0.7981533333333232
1774267579.0999784,-1.8582682896781872,-1.2869141329712475,0.7976799999999898
1774267579.1159086,-1.9015148972272669,-1.3354437465384632,0.7965933333333232
1774267579.1322842,-1.9127909359740973,-1.3344918079295502,0.7963066666666565
1774267579.1479874,-1.8993258370393151,-1.3216242481133271,0.7965199999999898
1774267579.1636658,-1.9047570521227328,-1.333225542857008,0.7963333333333231
1774267579.1806355,-1.9102392997209416,-1.3480637652755927,0.7962599999999898
1774267579.1980019,-1.9158249977359887,-1.3570041187994193,0.796473333333323
1774267579.2150316,-1.910634156239879,-1.3546059552233083,0.7968866666666563
1774267579.2309935,-1.9067472483457881,-1.3617520660011486,0.7974133333333229
1774267579.2470272,-1.913243420351102,-1.3528261793660243,0.7973266666666562
1774267579.2627645,-1.9186158796334005,-1.3556082669934637,0.7975399999999895
1774267579.2798326,-1.9114628841849013,-1.3632264227767685,0.7984533333333228
1774267579.3212311,-1.932995022088766,-1.3376302702514264,0.8009066666666561
1774267579.3371127,-1.9558283463249504,-1.3153381500045127,0.8014199999999895
1774267579.353105,-1.9634262011590147,-1.3232151444352631,0.8017333333333228
1774267579.3692386,-1.9774579177463276,-1.3304065169367154,0.802146666666656
1774267579.3850179,-1.972513274025652,-1.3432070694884122,0.8019599999999893
1774267579.4008436,-1.9525593172138362,-1.33520454748921,0.801186666666656
1774267579.4178386,-1.931564489759699,-1.3234990990725992,0.8013999999999893
1774267579.435106,-1.9172546624459494,-1.30589856814645,0.8021133333333227
1774267579.451145,-1.9266560583521068,-1.3057122379338577,0.8034399999999894
1774267579.4671528,-1.9195466631711569,-1.31975021810814,0.8038533333333227
1774267579.4835217,-1.9244034401874959,-1.3141708876872387,0.804366666666656
1774267579.4996872,-1.9351108451577648,-1.3157634468860375,0.8045799999999893
1774267579.5165431,-1.9684018283340492,-1.3233323635318892,0.8057066666666559
1774267579.5328329,-1.9752306797027768,-1.3239879733593252,0.8056199999999892
1774267579.5499856,-1.9813752527779334,-1.330746760418327,0.8054333333333226
1774267579.5660105,-1.9928172156760735,-1.3376448790479127,0.8053466666666559
1774267579.5819025,-2.0127807262661594,-1.3505970523822621,0.8040733333333225
1774267579.599239,-2.0148123939295743,-1.3429212159646298,0.8037866666666559
1774267579.6151462,-2.000685285462666,-1.3370731801090647,0.8032999999999892
1774267579.6314323,-1.968740896520592,-1.330590673603796,0.8027133333333225
1774267579.6472194,-1.9487773346598876,-1.3265944214026963,0.8034399999999892
1774267579.6632435,-1.9457905828477235,-1.3327140721643351,0.8039533333333225
1774267579.6797435,-1.936658448906402,-1.3206858549195526,0.8047666666666559
1774267579.696677,-1.9508767371260243,-1.3095292593636374,0.8055799999999892
1774267579.7139337,-1.9832732638978785,-1.30860751628027,0.8062066666666557
1774267579.7302685,-1.9941713085475652,-1.3228125971643394,0.806419999999989
1774267579.7462864,-2.0097771363228705,-1.324005407444805,0.8062333333333224
1774267579.762035,-2.00653771526867,-1.3315378445844865,0.8059466666666557
1774267579.7788033,-2.0161460333895493,-1.3330660841338888,0.805659999999989
1774267579.794676,-2.0064963299478493,-1.345525838865212,0.8054733333333224
1774267579.81157,-2.0064963299478493,-1.345525838865212,0.8054733333333224
1774267579.8288395,-1.9897772343531073,-1.3366380221151537,0.8048999999999891
1774267579.8451185,-1.9830954295245693,-1.336753489902768,0.8049133333333224
1774267579.8616574,-1.9819565891248045,-1.3241165235467192,0.8057266666666557
1774267579.8783839,-1.9686533572104303,-1.3367191674606067,0.806539999999989
1774267579.8942976,-1.9525753673887316,-1.335088369802128,0.8077666666666556
1774267579.9103239,-1.9493848284028585,-1.3417444082900778,0.8078799999999889
1774267579.9264338,-1.9583845534848154,-1.3476436262122151,0.8078933333333222
1774267579.942728,-1.9540364586887269,-1.3524040704134435,0.8077066666666556
1774267579.958765,-1.9572489295318802,-1.3562939129730034,0.8076333333333222
1774267579.9749835,-1.9588806597670119,-1.3546719569100198,0.8072466666666556
1774267579.9903004,-1.966255909051663,-1.3705553961394386,0.8072599999999889
1774267580.0064845,-1.9676656881236716,-1.3857647581209631,0.8074733333333222
1774267580.0223775,-1.9677573031848692,-1.3922344317832338,0.8069866666666555
1774267580.0384126,-1.9642508168013402,-1.3765242984278003,0.8060133333333221
1774267580.0543194,-1.9645913613939787,-1.3557608297691486,0.8061266666666554
1774267580.0701709,-1.9480030841093918,-1.354843352833919,0.8059399999999888
1774267580.1086802,-1.9363034111095214,-1.341094071335858,0.8055666666666554
1774267580.1255944,-1.942969271804462,-1.3415195001611693,0.8047933333333221
1774267580.1415715,-1.9428645007396348,-1.341043866903628,0.8045199999999888
1774267580.15793,-1.945933372138234,-1.3462289149510238,0.8046333333333221
1774267580.1751535,-1.9545932464078686,-1.344899393734957,0.8046466666666554
1774267580.190993,-1.9506725845166744,-1.3437932926725242,0.8044599999999887
1774267580.2068274,-1.943848634356975,-1.3198220626083657,0.8040866666666554
1774267580.224141,-1.9585247126562235,-1.3158133929599143,0.8036999999999888
1774267580.240601,-1.9658421637963062,-1.3359287378888998,0.8037133333333221
1774267580.257313,-1.9618728872175886,-1.3500266065329365,0.8035399999999887
1774267580.272523,-1.9572216011472379,-1.3551596186789179,0.803653333333322
1774267580.289591,-1.953415700986562,-1.3423256988089107,0.8034666666666553
1774267580.3061073,-1.9488202972168138,-1.3473539163776196,0.8039799999999887
1774267580.322179,-1.9245816817713703,-1.3621331619354633,0.8039066666666553
1774267580.3380058,-1.918812587295415,-1.3723058276736981,0.8041199999999886
1774267580.3542678,-1.913012689432769,-1.3694097634602784,0.8043333333333219
1774267580.3700352,-1.9010065652849677,-1.371670745366039,0.8043466666666552
1774267580.385706,-1.9141249269979603,-1.3736731723584377,0.8045599999999885
1774267580.4025307,-1.940809575438487,-1.3743811236437444,0.8050866666666551
1774267580.419339,-1.9497292814613165,-1.3718643663901173,0.8047999999999884
1774267580.435434,-1.9473853441438622,-1.370356608190283,0.8043133333333218
1774267580.4514399,-1.9473853441438622,-1.370356608190283,0.8043133333333218
1774267580.467729,-1.921035687388052,-1.350918047780777,0.8036533333333218
1774267580.4837348,-1.9135978578948518,-1.343502191876452,0.8034666666666551
1774267580.500414,-1.914332754253644,-1.3495587698167228,0.8036799999999884
1774267580.5169828,-1.9189401633566028,-1.3530478476238759,0.8032066666666551
1774267580.5339792,-1.9296812787860647,-1.3508197872754748,0.8036199999999883
1774267580.5509229,-1.9337806761699743,-1.3434510637876933,0.8038333333333216
1774267580.5674338,-1.937150557338999,-1.3428846685943094,0.803646666666655
1774267580.5840237,-1.922029058481805,-1.336698235828667,0.8030733333333216
1774267580.5999138,-1.921349867726545,-1.3431109658652987,0.802986666666655
1774267580.6169028,-1.9204032368375274,-1.3604784713557678,0.8028999999999883
1774267580.633806,-1.9079130718337691,-1.3503102008771692,0.8031266666666549
1774267580.6506827,-1.9089395448016975,-1.3437740758227252,0.8030399999999882
1774267580.667744,-1.9097612319936164,-1.3435967878720017,0.8025533333333216
